matrix,method,n,status,seed,initial_cond,final_cond,reduction_factor,log_objective,runtime_sec,objective_evaluations,iterations,solver_applicable,solver,solver_status,solver_iterations,solver_time_sec,solver_residual,preconditioner_build_sec,notes
A1_3x3,Unscaled,3,baseline,20260808,61.98386676965927,61.98386676965927,1.0,4.12687413779112,0.0,1,0,False,,,-1,,,,Original matrix
A1_3x3,Ruiz,3,completed,20260808,61.98386676965927,41.617759817534015,1.489360961315962,3.728526994854083,0.013935599999967963,0,39,False,,,-1,,,,Ruiz iterations=39
A1_3x3,L-BFGS,3,completed,20260808,61.98386676965927,37.97366596101212,1.6322855642459864,3.636892918464182,0.03224430000000211,49,6,False,,,-1,,,,CONVERGENCE: NORM OF PROJECTED GRADIENT <= PGTOL
A1_3x3,Ruiz-LBFGS,3,completed,20260808,61.98386676965927,37.9736659610148,1.632285564245871,3.6368929184642527,0.01567910000039774,42,5,False,,,-1,,,,Ruiz iterations=39; CONVERGENCE: NORM OF PROJECTED GRADIENT <= PGTOL
A1_3x3,SA,3,completed,20260808,61.98386676965927,38.669882623201275,1.6028977220755773,3.655061070269403,0.20834869999998773,841,70,False,,,-1,,,,replicate=1; ['Maximum number of iteration reached']
A1_3x3,GA,3,completed,20261308,61.98386676965927,37.975827770482105,1.6321926448654838,3.6369498460186493,0.22242149999965477,540,30,False,,,-1,,,,replicate=1
A1_3x3,SA,3,completed,20260809,61.98386676965927,39.584873297177786,1.565847294857413,3.678447057839641,0.2138593999998193,841,70,False,,,-1,,,,replicate=2; ['Maximum number of iteration reached']
A1_3x3,GA,3,completed,20261309,61.98386676965927,37.975631688484725,1.6322010724697047,3.6369446826682994,0.14906470000005356,540,30,False,,,-1,,,,replicate=2
A1_3x3,SA,3,completed,20260810,61.98386676965927,41.06343863466252,1.5094660561947528,3.7151181546663747,0.21338060000016412,841,70,False,,,-1,,,,replicate=3; ['Maximum number of iteration reached']
A1_3x3,GA,3,completed,20261310,61.98386676965927,37.977898942630574,1.632103631201192,3.637004383754679,0.1467838000003212,540,30,False,,,-1,,,,replicate=3
A1_3x3,SA,3,completed,20260811,61.98386676965927,38.92160705613015,1.5925310247408404,3.661549547732819,0.2076177999997526,841,70,False,,,-1,,,,replicate=4; ['Maximum number of iteration reached']
A1_3x3,GA,3,completed,20261311,61.98386676965927,37.981479037179376,1.6319497908173717,3.6370986471530022,0.1674023999999008,540,30,False,,,-1,,,,replicate=4
A1_3x3,SA,3,completed,20260812,61.98386676965927,38.43425926318886,1.612724375542356,3.6489492301602957,0.20780809999996563,841,70,False,,,-1,,,,replicate=5; ['Maximum number of iteration reached']
A1_3x3,GA,3,completed,20261312,61.98386676965927,37.97832236038542,1.6320854349878722,3.6370155327493916,0.14791860000013912,540,30,False,,,-1,,,,replicate=5
A1_3x3,SA,3,completed,20260813,61.98386676965927,39.666050534734815,1.5626427621116745,3.6804956715850077,0.2058857000001808,841,70,False,,,-1,,,,replicate=6; ['Maximum number of iteration reached']
A1_3x3,GA,3,completed,20261313,61.98386676965927,37.98009942113173,1.6320090709181265,3.6370623231040344,0.14834820000032778,540,30,False,,,-1,,,,replicate=6
A1_3x3,SA,3,completed,20260814,61.98386676965927,39.24830065822009,1.579275171922061,3.669908147959175,0.20432720000007976,841,70,False,,,-1,,,,replicate=7; ['Maximum number of iteration reached']
A1_3x3,GA,3,completed,20261314,61.98386676965927,37.98673939413244,1.6317238004174033,3.6372371355122164,0.14881419999983336,540,30,False,,,-1,,,,replicate=7
A1_3x3,SA,3,completed,20260815,61.98386676965927,38.122292075951805,1.625921826687849,3.640799204888984,0.2085602000001927,841,70,False,,,-1,,,,replicate=8; ['Maximum number of iteration reached']
A1_3x3,GA,3,completed,20261315,61.98386676965927,37.97792487382973,1.6321025168063312,3.637005066551543,0.18446850000009363,540,30,False,,,-1,,,,replicate=8
A1_3x3,SA,3,completed,20260816,61.98386676965927,40.16211008131538,1.5433418872704108,3.692924015868621,0.20810249999976804,841,70,False,,,-1,,,,replicate=9; ['Maximum number of iteration reached']
A1_3x3,GA,3,completed,20261316,61.98386676965927,37.979106984616266,1.6320517171392768,3.6370361923277277,0.1487261000002036,540,30,False,,,-1,,,,replicate=9
A1_3x3,SA,3,completed,20260817,61.98386676965927,42.59350746831098,1.4552421355713536,3.751701834813061,0.20499429999972563,841,70,False,,,-1,,,,replicate=10; ['Maximum number of iteration reached']
A1_3x3,GA,3,completed,20261317,61.98386676965927,37.98324543745838,1.6318738974456333,3.6371451529566245,0.1497865000001184,540,30,False,,,-1,,,,replicate=10
A1_3x3,BO,3,completed,20269808,61.98386676965927,15516.642156293181,0.00399467011904506,9.64966841441995,7.000977400000011,18,18,False,,,-1,,,,scikit-optimize GP/EI completed
A2_4x4,Unscaled,4,baseline,20260808,456.7831534860149,456.7831534860149,1.0,6.124208778252839,0.0,1,0,False,,,-1,,,,Original matrix
A2_4x4,Ruiz,4,completed,20260808,456.7831534860149,15.364154426049538,29.73044534826795,2.7320371615949224,0.0051938999999947555,0,60,False,,,-1,,,,Ruiz iterations=60
A2_4x4,L-BFGS,4,completed,20260808,456.7831534860149,14.337797244075917,31.85867017855538,2.662899214172646,0.034946900000250025,135,12,False,,,-1,,,,CONVERGENCE: NORM OF PROJECTED GRADIENT <= PGTOL
A2_4x4,Ruiz-LBFGS,4,completed,20260808,456.7831534860149,14.33779724407482,31.858670178557816,2.6628992141725694,0.02922679999983302,90,9,False,,,-1,,,,Ruiz iterations=60; CONVERGENCE: NORM OF PROJECTED GRADIENT <= PGTOL
A2_4x4,SA,4,completed,20261808,456.7831534860149,15.144417009597955,30.16181825926499,2.7176319498193706,0.27580440000019735,1121,70,False,,,-1,,,,replicate=1; ['Maximum number of iteration reached']
A2_4x4,GA,4,completed,20262308,456.7831534860149,14.831564165996054,30.79804317155367,2.6967576236827564,0.15211080000017319,540,30,False,,,-1,,,,replicate=1
A2_4x4,SA,4,completed,20261809,456.7831534860149,16.30255112467117,28.01912105613645,2.791321606282215,0.27304000000003725,1121,70,False,,,-1,,,,replicate=2; ['Maximum number of iteration reached']
A2_4x4,GA,4,completed,20262309,456.7831534860149,14.357647562129635,31.81462363589745,2.664282731407113,0.14922599999999875,540,30,False,,,-1,,,,replicate=2
A2_4x4,SA,4,completed,20261810,456.7831534860149,15.928080750236232,28.6778526960469,2.768083636452474,0.27609220000022106,1121,70,False,,,-1,,,,replicate=3; ['Maximum number of iteration reached']
A2_4x4,GA,4,completed,20262310,456.7831534860149,14.351559625282496,31.828119410891105,2.663858620988553,0.1473430000000917,540,30,False,,,-1,,,,replicate=3
A2_4x4,SA,4,completed,20261811,456.7831534860149,15.64562303278772,29.195587323608535,2.75019119945274,0.2772848999998132,1121,70,False,,,-1,,,,replicate=4; ['Maximum number of iteration reached']
A2_4x4,GA,4,completed,20262311,456.7831534860149,14.368864562455006,31.789787669066232,2.6650636825261915,0.15968190000012328,540,30,False,,,-1,,,,replicate=4
A2_4x4,SA,4,completed,20261812,456.7831534860149,14.718790388580322,31.034014441867,2.6891249352353688,0.2772775999997066,1121,70,False,,,-1,,,,replicate=5; ['Maximum number of iteration reached']
A2_4x4,GA,4,completed,20262312,456.7831534860149,14.398356272661326,31.724673624955745,2.6671140523347545,0.14949979999983043,540,30,False,,,-1,,,,replicate=5
A2_4x4,SA,4,completed,20261813,456.7831534860149,15.124775591184108,30.200987163886488,2.716334166860331,0.2756891999997606,1121,70,False,,,-1,,,,replicate=6; ['Maximum number of iteration reached']
A2_4x4,GA,4,completed,20262313,456.7831534860149,14.372057916398214,31.782724237761038,2.6652858990509882,0.15103339999996024,540,30,False,,,-1,,,,replicate=6
A2_4x4,SA,4,completed,20261814,456.7831534860149,16.62139484700371,27.481637834285483,2.810690711718226,0.2732685000000856,1121,70,False,,,-1,,,,replicate=7; ['Maximum number of iteration reached']
A2_4x4,GA,4,completed,20262314,456.7831534860149,15.164506247902782,30.121861273866863,2.718957581949292,0.1515586999998959,540,30,False,,,-1,,,,replicate=7
A2_4x4,SA,4,completed,20261815,456.7831534860149,14.660560967559654,31.15727662104934,2.6851609609078344,0.280428000000029,1121,70,False,,,-1,,,,replicate=8; ['Maximum number of iteration reached']
A2_4x4,GA,4,completed,20262315,456.7831534860149,14.398302214538099,31.724792734576493,2.6671102978628074,0.14947959999972227,540,30,False,,,-1,,,,replicate=8
A2_4x4,SA,4,completed,20261816,456.7831534860149,15.521696985861213,29.42868643178003,2.7422388506501867,0.2722681999998713,1121,70,False,,,-1,,,,replicate=9; ['Maximum number of iteration reached']
A2_4x4,GA,4,completed,20262316,456.7831534860149,14.352793202961038,31.8253838835899,2.6639445715540773,0.15338189999965834,540,30,False,,,-1,,,,replicate=9
A2_4x4,SA,4,completed,20261817,456.7831534860149,15.105560187786761,30.23940508047732,2.7150629003996674,0.27675079999971786,1121,70,False,,,-1,,,,replicate=10; ['Maximum number of iteration reached']
A2_4x4,GA,4,completed,20262317,456.7831534860149,14.398947168565549,31.723371725623224,2.6671550906149886,0.1808485000001383,540,30,False,,,-1,,,,replicate=10
A2_4x4,BO,4,completed,20269809,456.7831534860149,74.35357730754444,6.143391750966452,4.308831786174316,6.813240099999803,18,18,False,,,-1,,,,scikit-optimize GP/EI completed
Hilbert10,Unscaled,10,baseline,20260808,16025050496646.34,16025050496646.34,1.0,30.405174269847095,0.0,1,0,False,,,-1,,,,Original matrix
Hilbert10,Ruiz,10,completed,20260808,16025050496646.34,6250360583703.313,2.5638601616727144,29.46366027140519,0.0026649000001270906,0,30,False,,,-1,,,,Ruiz iterations=30
Hilbert10,L-BFGS,10,completed_with_warning,20260808,16025050496646.34,16023355986612.117,1.0001057525050083,30.405068522933487,0.37441720000015266,1722,4,False,,,-1,,,,ABNORMAL: 
Hilbert10,Ruiz-LBFGS,10,completed_with_warning,20260808,16025050496646.34,6250170713495.584,2.5639380476511624,29.46362989346313,0.10206860000016604,441,0,False,,,-1,,,,Ruiz iterations=30; ABNORMAL: 
Hilbert10,SA,10,completed,20262808,16025050496646.34,3813598698488.3423,4.202080964365351,28.96959439955533,0.7203325999998924,2801,70,False,,,-1,,,,replicate=1; ['Maximum number of iteration reached']
Hilbert10,GA,10,completed,20263308,16025050496646.34,5983504114840.055,2.6782049763952918,29.42002748465759,0.16764100000000326,540,30,False,,,-1,,,,replicate=1
Hilbert10,SA,10,completed,20262809,16025050496646.34,3674954946316.753,4.3606114172114,28.932561989012555,0.7681915000002846,2801,70,False,,,-1,,,,replicate=2; ['Maximum number of iteration reached']
Hilbert10,GA,10,completed,20263309,16025050496646.34,4610859259663.745,3.475501982208625,29.159435345951167,0.1710918999997375,540,30,False,,,-1,,,,replicate=2
Hilbert10,SA,10,completed,20262810,16025050496646.34,3343456707680.079,4.7929588739211235,28.838026330152662,0.7854097999997975,2801,70,False,,,-1,,,,replicate=3; ['Maximum number of iteration reached']
Hilbert10,GA,10,completed,20263310,16025050496646.34,5062332395557.26,3.1655468753316245,29.252848440762737,0.17160530000001017,540,30,False,,,-1,,,,replicate=3
Hilbert10,SA,10,completed,20262811,16025050496646.34,3810663994962.3115,4.205317109519868,28.968824566775698,0.7562901999999667,2801,70,False,,,-1,,,,replicate=4; ['Maximum number of iteration reached']
Hilbert10,GA,10,completed,20263311,16025050496646.34,5354659755915.842,2.992729926293043,29.308988280165558,0.16285500000003594,540,30,False,,,-1,,,,replicate=4
Hilbert10,SA,10,completed,20262812,16025050496646.34,3626595066469.7725,4.4187592501871364,28.919315325791995,0.7861490000000231,2801,70,False,,,-1,,,,replicate=5; ['Maximum number of iteration reached']
Hilbert10,GA,10,completed,20263312,16025050496646.34,5717180462005.961,2.802963909070609,29.374496873569452,0.1858817999996063,540,30,False,,,-1,,,,replicate=5
Hilbert10,SA,10,completed,20262813,16025050496646.34,3615396741483.849,4.432445909122897,28.91622271419889,0.7582068000001527,2801,70,False,,,-1,,,,replicate=6; ['Maximum number of iteration reached']
Hilbert10,GA,10,completed,20263313,16025050496646.34,4192840065887.1753,3.822003759939637,29.064399440267163,0.19136550000030184,540,30,False,,,-1,,,,replicate=6
Hilbert10,SA,10,completed,20262814,16025050496646.34,3398987463446.8433,4.714654193044791,28.85449869832941,0.77422340000021,2801,70,False,,,-1,,,,replicate=7; ['Maximum number of iteration reached']
Hilbert10,GA,10,completed,20263314,16025050496646.34,5184204531822.287,3.09113006600714,29.276637528641242,0.15753760000006878,540,30,False,,,-1,,,,replicate=7
Hilbert10,SA,10,completed,20262815,16025050496646.34,4040739172373.137,3.965871048102019,29.027448754624533,0.7295287999995708,2801,70,False,,,-1,,,,replicate=8; ['Maximum number of iteration reached']
Hilbert10,GA,10,completed,20263315,16025050496646.34,3842864556535.317,4.17007944487493,28.9772391826891,0.20967499999960637,540,30,False,,,-1,,,,replicate=8
Hilbert10,SA,10,completed,20262816,16025050496646.34,3478675012921.567,4.60665352098749,28.877672593800412,0.7393817000001945,2801,70,False,,,-1,,,,replicate=9; ['Maximum number of iteration reached']
Hilbert10,GA,10,completed,20263316,16025050496646.34,4593495582102.603,3.4886395796447283,29.155662414885967,0.15958510000018578,540,30,False,,,-1,,,,replicate=9
Hilbert10,SA,10,completed,20262817,16025050496646.34,3690821160600.9634,4.341865888196284,28.936870085971584,0.7186118999998143,2801,70,False,,,-1,,,,replicate=10; ['Maximum number of iteration reached']
Hilbert10,GA,10,completed,20263317,16025050496646.34,3819089528609.325,4.196039494911151,28.971033166842766,0.15893330000017158,540,30,False,,,-1,,,,replicate=10
Hilbert10,BO,10,skipped,20269810,16025050496646.34,,,,0.0,0,0,False,,,-1,,,,BO restricted to dimension <= 12; current dimension=20
Hilbert15,Unscaled,15,baseline,20260808,3.814572884618275e+18,3.814572884618275e+18,1.0,42.78536037551188,0.0,1,0,False,,,-1,,,,Original matrix
Hilbert15,Ruiz,15,completed,20260808,3.814572884618275e+18,3.3739334806082024e+16,113.06010941065266,38.05744075654317,0.002952200000436278,0,31,False,,,-1,,,,Ruiz iterations=31
Hilbert15,L-BFGS,15,completed_with_warning,20260808,3.814572884618275e+18,3.814572884618275e+18,1.0,42.78536037551188,0.15022399999998015,651,0,False,,,-1,,,,ABNORMAL: 
Hilbert15,Ruiz-LBFGS,15,completed_with_warning,20260808,3.814572884618275e+18,8.745872349470723e+16,43.61569357742939,39.00994334548489,0.1526648999997633,651,0,False,,,-1,,,,Ruiz iterations=31; ABNORMAL: 
Hilbert15,SA,15,completed,20263808,3.814572884618275e+18,1.0858553775834686e+17,35.129658731418424,39.22631462372999,1.1484669000001304,4201,70,False,,,-1,,,,replicate=1; ['Maximum number of iteration reached']
Hilbert15,GA,15,completed,20264308,3.814572884618275e+18,5.904796657783112e+17,6.460125734542081,40.91971159435537,0.16863280000052328,540,30,False,,,-1,,,,replicate=1
Hilbert15,SA,15,completed,20263809,3.814572884618275e+18,9.376935243434598e+16,40.68037994918548,39.07961446442465,1.1603151999997863,4201,70,False,,,-1,,,,replicate=2; ['Maximum number of iteration reached']
Hilbert15,GA,15,completed,20264309,3.814572884618275e+18,3.3664813423542726e+17,11.331038246451826,40.35781466773729,0.16607219999968947,540,30,False,,,-1,,,,replicate=2
Hilbert15,SA,15,completed,20263810,3.814572884618275e+18,2.5246971429152317e+17,15.109031573639134,40.07006769303241,1.1408793000000514,4201,70,False,,,-1,,,,replicate=3; ['Maximum number of iteration reached']
Hilbert15,GA,15,completed,20264310,3.814572884618275e+18,2.055559450233076e+17,18.55734644009322,39.86449463035302,0.16694829999960348,540,30,False,,,-1,,,,replicate=3
Hilbert15,SA,15,completed,20263811,3.814572884618275e+18,1.2416757444762269e+17,30.721167757266347,39.36040845502303,1.1529624000004333,4201,70,False,,,-1,,,,replicate=4; ['Maximum number of iteration reached']
Hilbert15,GA,15,completed,20264311,3.814572884618275e+18,2.231202868554461e+17,17.096486107915585,39.946487423884555,0.16980950000015582,540,30,False,,,-1,,,,replicate=4
Hilbert15,SA,15,completed,20263812,3.814572884618275e+18,1.221779586213786e+17,31.221448841188973,39.34425505403217,1.1463770999998815,4201,70,False,,,-1,,,,replicate=5; ['Maximum number of iteration reached']
Hilbert15,GA,15,completed,20264312,3.814572884618275e+18,1.1083087392939206e+18,3.4417962697365865,41.549366868975575,0.18704170000000886,540,30,False,,,-1,,,,replicate=5
Hilbert15,SA,15,completed,20263813,3.814572884618275e+18,1.4572398063560707e+17,26.176699730409364,39.52049068369419,1.135229900000013,4201,70,False,,,-1,,,,replicate=6; ['Maximum number of iteration reached']
Hilbert15,GA,15,completed,20264313,3.814572884618275e+18,3.844305452881244e+17,9.922658153397553,40.490539531097845,0.17972890000055486,540,30,False,,,-1,,,,replicate=6
Hilbert15,SA,15,completed,20263814,3.814572884618275e+18,3.250551332045523e+17,11.735156577939106,40.32277120348247,1.1357104999997318,4201,70,False,,,-1,,,,replicate=7; ['Maximum number of iteration reached']
Hilbert15,GA,15,completed,20264314,3.814572884618275e+18,2.6493375994345734e+17,14.398213672098219,40.11825622717356,0.16263339999932214,540,30,False,,,-1,,,,replicate=7
Hilbert15,SA,15,completed,20263815,3.814572884618275e+18,1.817007904018645e+17,20.993705509930088,39.74113772034113,1.1264853999991828,4201,70,False,,,-1,,,,replicate=8; ['Maximum number of iteration reached']
Hilbert15,GA,15,completed,20264315,3.814572884618275e+18,2.2965882801755808e+17,16.60973765975432,39.97537124612613,0.16539560000001075,540,30,False,,,-1,,,,replicate=8
Hilbert15,SA,15,completed,20263816,3.814572884618275e+18,1.092420061156544e+17,34.91855395423433,39.232342055643194,1.134172000000035,4201,70,False,,,-1,,,,replicate=9; ['Maximum number of iteration reached']
Hilbert15,GA,15,completed,20264316,3.814572884618275e+18,1.1752666929922117e+17,32.457083208122135,39.30544167549981,0.16757869999946706,540,30,False,,,-1,,,,replicate=9
Hilbert15,SA,15,completed,20263817,3.814572884618275e+18,8.431121115661158e+16,45.243957859086464,38.97329124225758,1.1303201000000627,4201,70,False,,,-1,,,,replicate=10; ['Maximum number of iteration reached']
Hilbert15,GA,15,completed,20264317,3.814572884618275e+18,2.577219061901211e+18,1.4801120094945555,42.39324260850868,0.16482229999928677,540,30,False,,,-1,,,,replicate=10
Hilbert15,BO,15,skipped,20269811,3.814572884618275e+18,,,,0.0,0,0,False,,,-1,,,,BO restricted to dimension <= 12; current dimension=30
Vandermonde10,Unscaled,10,baseline,20260808,153912128.3790433,153912128.3790433,1.0,18.85189240258538,0.0,1,0,False,,,-1,,,,Original matrix
Vandermonde10,Ruiz,10,completed,20260808,153912128.3790433,15068461.633788671,10.21418988345296,16.528114484024314,0.005560499999774038,0,60,False,,,-1,,,,Ruiz iterations=60
Vandermonde10,L-BFGS,10,completed,20260808,153912128.3790433,11285712.969601132,13.63778511766306,16.239048144758353,0.18891549999989365,819,20,False,,,-1,,,,CONVERGENCE: RELATIVE REDUCTION OF F <= FACTR*EPSMCH
Vandermonde10,Ruiz-LBFGS,10,completed,20260808,153912128.3790433,11489363.410992369,13.396053625720372,16.256932244547045,0.10585950000040611,441,7,False,,,-1,,,,Ruiz iterations=60; CONVERGENCE: RELATIVE REDUCTION OF F <= FACTR*EPSMCH
Vandermonde10,SA,10,completed,20264808,153912128.3790433,13253691.893854624,11.612773981143185,16.399786705083862,0.7284582000002047,2801,70,False,,,-1,,,,replicate=1; ['Maximum number of iteration reached']
Vandermonde10,GA,10,completed,20265308,153912128.3790433,53671016.838252954,2.867695405192053,17.7983836900934,0.16102170000067417,540,30,False,,,-1,,,,replicate=1
Vandermonde10,SA,10,completed,20264809,153912128.3790433,11852418.356177572,12.985715130349169,16.288042485413875,0.7581688000000213,2801,70,False,,,-1,,,,replicate=2; ['Maximum number of iteration reached']
Vandermonde10,GA,10,completed,20265309,153912128.3790433,41063241.358274385,3.748172898387854,17.530623908433324,0.17083779999938997,540,30,False,,,-1,,,,replicate=2
Vandermonde10,SA,10,completed,20264810,153912128.3790433,12253772.184829162,12.56038761432132,16.321344381008675,0.7214187999998103,2801,70,False,,,-1,,,,replicate=3; ['Maximum number of iteration reached']
Vandermonde10,GA,10,completed,20265310,153912128.3790433,28447225.155437753,5.410444341690833,17.16356117970034,0.16791190000003553,540,30,False,,,-1,,,,replicate=3
Vandermonde10,SA,10,completed,20264811,153912128.3790433,12376469.31172303,12.435867168777873,16.331307591631358,0.7267854000001535,2801,70,False,,,-1,,,,replicate=4; ['Maximum number of iteration reached']
Vandermonde10,GA,10,completed,20265311,153912128.3790433,30915368.64988421,4.978498885848472,17.24676398553202,0.16027759999997215,540,30,False,,,-1,,,,replicate=4
Vandermonde10,SA,10,completed,20264812,153912128.3790433,11912402.604070606,12.920326276283657,16.293090650967464,0.7261268000002019,2801,70,False,,,-1,,,,replicate=5; ['Maximum number of iteration reached']
Vandermonde10,GA,10,completed,20265312,153912128.3790433,36305355.25160588,4.2393781113665145,17.407475815946402,0.1735683999995672,540,30,False,,,-1,,,,replicate=5
Vandermonde10,SA,10,completed,20264813,153912128.3790433,14606066.972435558,10.537547764877768,16.496947546420444,0.7583206999997856,2801,70,False,,,-1,,,,replicate=6; ['Maximum number of iteration reached']
Vandermonde10,GA,10,completed,20265313,153912128.3790433,13871330.307290332,11.095700626359678,16.445334700257693,0.17833320000045205,540,30,False,,,-1,,,,replicate=6
Vandermonde10,SA,10,completed,20264814,153912128.3790433,12730767.88349884,12.089775714043034,16.359532289491963,0.7210904000003211,2801,70,False,,,-1,,,,replicate=7; ['Maximum number of iteration reached']
Vandermonde10,GA,10,completed,20265314,153912128.3790433,20530610.56469879,7.496714620055499,16.837427528674603,0.15969519999998738,540,30,False,,,-1,,,,replicate=7
Vandermonde10,SA,10,completed,20264815,153912128.3790433,12720431.210838886,12.099599913554592,16.358720015524835,0.7260925000000498,2801,70,False,,,-1,,,,replicate=8; ['Maximum number of iteration reached']
Vandermonde10,GA,10,completed,20265315,153912128.3790433,228397465.20126545,0.673878443630777,19.24659793761653,0.16175310000016907,540,30,False,,,-1,,,,replicate=8
Vandermonde10,SA,10,completed,20264816,153912128.3790433,13371373.509291396,11.510569820826115,16.408626674489156,0.7237218999998731,2801,70,False,,,-1,,,,replicate=9; ['Maximum number of iteration reached']
Vandermonde10,GA,10,completed,20265316,153912128.3790433,65304186.67970628,2.356849326275624,17.99456670673515,0.15977830000065296,540,30,False,,,-1,,,,replicate=9
Vandermonde10,SA,10,completed,20264817,153912128.3790433,13847008.838616218,11.115189581580733,16.443579798942146,0.7295986999997695,2801,70,False,,,-1,,,,replicate=10; ['Maximum number of iteration reached']
Vandermonde10,GA,10,completed,20265317,153912128.3790433,20544496.70882912,7.49164754729176,16.838103662984704,0.16503150000062305,540,30,False,,,-1,,,,replicate=10
Vandermonde10,BO,10,skipped,20269812,153912128.3790433,,,,0.0,0,0,False,,,-1,,,,BO restricted to dimension <= 12; current dimension=20
Cauchy8,Unscaled,8,baseline,20260808,91663004172.57437,91663004172.57437,1.0,25.241384690665665,0.0,1,0,False,,,-1,,,,Original matrix
Cauchy8,Ruiz,8,completed,20260808,91663004172.57437,53666527279.683334,1.7080107251000654,24.70605531598641,0.002250399999866204,0,24,False,,,-1,,,,Ruiz iterations=24
Cauchy8,L-BFGS,8,completed_with_warning,20260808,91663004172.57437,91662889575.66965,1.0000012501995656,25.24138344046688,0.3071988000001511,1377,2,False,,,-1,,,,ABNORMAL: 
Cauchy8,Ruiz-LBFGS,8,completed_with_warning,20260808,91663004172.57437,53666477956.76336,1.7080122948709824,24.70605439692298,0.2623351000002003,1190,4,False,,,-1,,,,Ruiz iterations=24; ABNORMAL: 
Cauchy8,SA,8,completed,20265808,91663004172.57437,34318849284.2753,2.670923008323995,24.258960581991104,0.5685934000002817,2241,70,False,,,-1,,,,replicate=1; ['Maximum number of iteration reached']
Cauchy8,GA,8,completed,20266308,91663004172.57437,38560688433.89664,2.377110157919233,24.37549916010554,0.1570791999993162,540,30,False,,,-1,,,,replicate=1
Cauchy8,SA,8,completed,20265809,91663004172.57437,32575325055.289352,2.8138784192328656,24.206820938581036,0.5674211999994441,2241,70,False,,,-1,,,,replicate=2; ['Maximum number of iteration reached']
Cauchy8,GA,8,completed,20266309,91663004172.57437,38887929027.11766,2.357106857211531,24.38394973162921,0.15569560000039928,540,30,False,,,-1,,,,replicate=2
Cauchy8,SA,8,completed,20265810,91663004172.57437,34611409936.33303,2.64834643665735,24.267449231594963,0.5753900999998223,2241,70,False,,,-1,,,,replicate=3; ['Maximum number of iteration reached']
Cauchy8,GA,8,completed,20266310,91663004172.57437,52914898502.63048,1.7322721344352132,24.69195077136932,0.15615639999941777,540,30,False,,,-1,,,,replicate=3
Cauchy8,SA,8,completed,20265811,91663004172.57437,32545654264.644043,2.8164437386085193,24.205909687153053,0.5709538000000975,2241,70,False,,,-1,,,,replicate=4; ['Maximum number of iteration reached']
Cauchy8,GA,8,completed,20266311,91663004172.57437,35045412878.362595,2.6155492729026477,24.27991056820646,0.15681709999989835,540,30,False,,,-1,,,,replicate=4
Cauchy8,SA,8,completed,20265812,91663004172.57437,34619921361.15268,2.6476953317239547,24.267695115205836,0.5743207000004986,2241,70,False,,,-1,,,,replicate=5; ['Maximum number of iteration reached']
Cauchy8,GA,8,completed,20266312,91663004172.57437,33004281177.400356,2.77730648578223,24.219903122646834,0.15693350000037753,540,30,False,,,-1,,,,replicate=5
Cauchy8,SA,8,completed,20265813,91663004172.57437,34868816007.67289,2.628796003638435,24.2748587425887,0.6207512000000861,2241,70,False,,,-1,,,,replicate=6; ['Maximum number of iteration reached']
Cauchy8,GA,8,completed,20266313,91663004172.57437,32284967727.63941,2.8391852501094794,24.197867563415837,0.15779219999967609,540,30,False,,,-1,,,,replicate=6
Cauchy8,SA,8,completed,20265814,91663004172.57437,31585715161.195766,2.9020398526605407,24.17597080347214,0.5706414999995104,2241,70,False,,,-1,,,,replicate=7; ['Maximum number of iteration reached']
Cauchy8,GA,8,completed,20266314,91663004172.57437,33493106880.2857,2.736772211076301,24.234605489837367,0.15643739999995887,540,30,False,,,-1,,,,replicate=7
Cauchy8,SA,8,completed,20265815,91663004172.57437,37222848267.94381,2.4625467538848778,24.340188610432605,0.6031868000000031,2241,70,False,,,-1,,,,replicate=8; ['Maximum number of iteration reached']
Cauchy8,GA,8,completed,20266315,91663004172.57437,42266626035.06418,2.168685148810582,24.467263628965448,0.1649702000004254,540,30,False,,,-1,,,,replicate=8
Cauchy8,SA,8,completed,20265816,91663004172.57437,34177091494.762836,2.6820013103403038,24.254821417237952,0.5688786000000619,2241,70,False,,,-1,,,,replicate=9; ['Maximum number of iteration reached']
Cauchy8,GA,8,completed,20266316,91663004172.57437,39293601048.50024,2.332771793031501,24.394327519371114,0.15518729999985226,540,30,False,,,-1,,,,replicate=9
Cauchy8,SA,8,completed,20265817,91663004172.57437,38255642422.51665,2.396064955861858,24.367556900653952,0.5709707999994862,2241,70,False,,,-1,,,,replicate=10; ['Maximum number of iteration reached']
Cauchy8,GA,8,completed,20266317,91663004172.57437,65749957014.63587,1.3941150433325802,24.909124854234275,0.16393880000032368,540,30,False,,,-1,,,,replicate=10
Cauchy8,BO,8,skipped,20269813,91663004172.57437,,,,0.0,0,0,False,,,-1,,,,BO restricted to dimension <= 12; current dimension=16
Rump4,Unscaled,4,baseline,20260808,1.5373775190746472e+16,1.5373775190746472e+16,1.0,37.27143954303958,0.0,1,0,False,,,-1,,,,Original matrix
Rump4,Ruiz,4,completed,20260808,1.5373775190746472e+16,1.0808643531686334e+17,0.14223593502438228,39.22170762895201,0.002126999999745749,0,23,False,,,-1,,,,Ruiz iterations=23
Rump4,L-BFGS,4,completed_with_warning,20260808,1.5373775190746472e+16,1.5373775190746472e+16,1.0,37.27143954303958,0.04473680000046443,189,0,False,,,-1,,,,ABNORMAL: 
Rump4,Ruiz-LBFGS,4,completed_with_warning,20260808,1.5373775190746472e+16,1.9936206864152644e+16,0.771148458455761,37.531313913874044,0.045356900000115274,189,0,False,,,-1,,,,Ruiz iterations=23; ABNORMAL: 
Rump4,SA,4,completed,20266808,1.5373775190746472e+16,2685386050402629.5,5.724977676279143,35.52660089294676,0.2767383999998856,1121,70,False,,,-1,,,,replicate=1; ['Maximum number of iteration reached']
Rump4,GA,4,completed,20267308,1.5373775190746472e+16,2784701523723125.0,5.520798211146109,35.562917089736146,0.15458030000081635,540,30,False,,,-1,,,,replicate=1
Rump4,SA,4,completed,20266809,1.5373775190746472e+16,2699185035535351.0,5.695709997035186,35.53172628366789,0.2738469999994777,1121,70,False,,,-1,,,,replicate=2; ['Maximum number of iteration reached']
Rump4,GA,4,completed,20267309,1.5373775190746472e+16,2871518157307439.5,5.353884025292784,35.593617259496014,0.14663570000084292,540,30,False,,,-1,,,,replicate=2
Rump4,SA,4,completed,20266810,1.5373775190746472e+16,2631574696681048.5,5.842044008910685,35.50635880590988,0.26756790000035835,1121,70,False,,,-1,,,,replicate=3; ['Maximum number of iteration reached']
Rump4,GA,4,completed,20267310,1.5373775190746472e+16,2180765133689944.2,7.049716153858996,35.3184521888899,0.14923330000056012,540,30,False,,,-1,,,,replicate=3
Rump4,SA,4,completed,20266811,1.5373775190746472e+16,2719664424561571.5,5.652820639158388,35.53928489428453,0.27335780000066734,1121,70,False,,,-1,,,,replicate=4; ['Maximum number of iteration reached']
Rump4,GA,4,completed,20267311,1.5373775190746472e+16,3945688650876598.0,3.896347773748175,35.91139989693403,0.15098459999990155,540,30,False,,,-1,,,,replicate=4
Rump4,SA,4,completed,20266812,1.5373775190746472e+16,2327263435526122.0,6.605945401823812,35.38346948104249,0.27540640000006533,1121,70,False,,,-1,,,,replicate=5; ['Maximum number of iteration reached']
Rump4,GA,4,completed,20267312,1.5373775190746472e+16,2609323838221314.0,5.89186170208227,35.49786751686635,0.1515676999997595,540,30,False,,,-1,,,,replicate=5
Rump4,SA,4,completed,20266813,1.5373775190746472e+16,2286258459906991.5,6.724425720166346,35.365693015968816,0.2733386999998402,1121,70,False,,,-1,,,,replicate=6; ['Maximum number of iteration reached']
Rump4,GA,4,completed,20267313,1.5373775190746472e+16,2573349612626693.0,5.974227176638471,35.48398479640952,0.15192800000022544,540,30,False,,,-1,,,,replicate=6
Rump4,SA,4,completed,20266814,1.5373775190746472e+16,2983924670901443.5,5.152199497751415,35.63201583259758,0.27611009999964153,1121,70,False,,,-1,,,,replicate=7; ['Maximum number of iteration reached']
Rump4,GA,4,completed,20267314,1.5373775190746472e+16,3108563897213084.5,4.945619810012429,35.67293724506865,0.15045950000057928,540,30,False,,,-1,,,,replicate=7
Rump4,SA,4,completed,20266815,1.5373775190746472e+16,3708263891083857.0,4.145814764615633,35.849340208119685,0.2795065999998769,1121,70,False,,,-1,,,,replicate=8; ['Maximum number of iteration reached']
Rump4,GA,4,completed,20267315,1.5373775190746472e+16,2669392111747765.0,5.7592794715650095,35.52062716789859,0.1502757999996902,540,30,False,,,-1,,,,replicate=8
Rump4,SA,4,completed,20266816,1.5373775190746472e+16,2945686886448102.5,5.2190798898127655,35.619118423001154,0.29453579999972135,1121,70,False,,,-1,,,,replicate=9; ['Maximum number of iteration reached']
Rump4,GA,4,completed,20267316,1.5373775190746472e+16,3441422679446764.5,4.467273166578284,35.77466135040627,0.15153209999971295,540,30,False,,,-1,,,,replicate=9
Rump4,SA,4,completed,20266817,1.5373775190746472e+16,2595112158847488.5,5.924127455660374,35.49240613173036,0.2757896000002802,1121,70,False,,,-1,,,,replicate=10; ['Maximum number of iteration reached']
Rump4,GA,4,completed,20267317,1.5373775190746472e+16,3001244511182287.5,5.12246674120205,35.637803434618455,0.15069519999997283,540,30,False,,,-1,,,,replicate=10
Rump4,BO,4,completed,20269814,1.5373775190746472e+16,1.1635168908519956e+16,1.321319467866847,36.99280870883674,6.340448600000855,18,18,False,,,-1,,,,scikit-optimize GP/EI completed
FiniteDiff50,Unscaled,50,baseline,20260808,16.730961557987143,16.730961557987143,1.0,2.8172609884210513,0.0,1,0,False,,,-1,,,,Original matrix
FiniteDiff50,Ruiz,50,completed,20260808,16.730961557987143,16.731102423541273,0.99999158061731,2.8172694078391847,0.09591499999987718,0,60,False,,,-1,,,,Ruiz iterations=60
SparseNonsym100,Unscaled,100,baseline,20260808,3.0034499239188612,3.0034499239188612,1.0,1.0997616025933823,0.0,1,0,False,,,-1,,,,Original matrix
SparseNonsym100,Ruiz,100,completed,20260808,3.0034499239188612,3.0032135489013747,1.0000787073625095,1.0996828983281348,0.09641339999961929,0,60,False,,,-1,,,,Ruiz iterations=60
RandomSpectrum12,Unscaled,12,baseline,20260808,100000000.0074729,100000000.0074729,1.0,18.420680744027095,0.0,1,0,False,,,-1,,,,Original matrix
RandomSpectrum12,Ruiz,12,completed,20260808,100000000.0074729,37450385.40333448,2.670199490085065,17.438527559018326,0.005041700000219862,0,56,False,,,-1,,,,Ruiz iterations=56
RandomSpectrum12,L-BFGS,12,completed,20260808,100000000.0074729,22911484.490735766,4.364623341971045,16.947148848957955,0.41542850000041653,1775,36,False,,,-1,,,,CONVERGENCE: RELATIVE REDUCTION OF F <= FACTR*EPSMCH
RandomSpectrum12,Ruiz-LBFGS,12,completed,20260808,100000000.0074729,23274002.543604705,4.296639558241828,16.96284752493969,0.28260000000045693,1200,12,False,,,-1,,,,Ruiz iterations=56; CONVERGENCE: RELATIVE REDUCTION OF F <= FACTR*EPSMCH
RandomSpectrum12,SA,12,completed,20269808,100000000.0074729,29455229.839316525,3.394982845253306,17.198382035973736,0.9078323000003365,3361,70,False,,,-1,,,,replicate=1; ['Maximum number of iteration reached']
RandomSpectrum12,GA,12,completed,20270308,100000000.0074729,76968134.79671705,1.2992389678090295,18.158902060356247,0.16305609999926673,540,30,False,,,-1,,,,replicate=1
RandomSpectrum12,SA,12,completed,20269809,100000000.0074729,34811972.23063689,2.872574967742452,17.365471915196085,0.8894319000000905,3361,70,False,,,-1,,,,replicate=2; ['Maximum number of iteration reached']
RandomSpectrum12,GA,12,completed,20270309,100000000.0074729,57002179.148340605,1.7543188962519516,17.85860005574069,0.16223309999986668,540,30,False,,,-1,,,,replicate=2
RandomSpectrum12,SA,12,completed,20269810,100000000.0074729,31029969.927896824,3.2226908450069125,17.250464067294118,0.9330073999999513,3361,70,False,,,-1,,,,replicate=3; ['Maximum number of iteration reached']
RandomSpectrum12,GA,12,completed,20270310,100000000.0074729,28765104.360445358,3.476434458724997,17.174673556308594,0.2025458999996772,540,30,False,,,-1,,,,replicate=3
RandomSpectrum12,SA,12,completed,20269811,100000000.0074729,26001951.4391451,3.8458651936764303,17.07368214852098,1.0495480999998108,3361,70,False,,,-1,,,,replicate=4; ['Maximum number of iteration reached']
RandomSpectrum12,GA,12,completed,20270311,100000000.0074729,52526706.97895805,1.9037934368802605,17.776832302576757,0.22171960000014224,540,30,False,,,-1,,,,replicate=4
RandomSpectrum12,SA,12,completed,20269812,100000000.0074729,33214407.387626603,3.010741659197147,17.318494297213043,0.9373589000006177,3361,70,False,,,-1,,,,replicate=5; ['Maximum number of iteration reached']
RandomSpectrum12,GA,12,completed,20270312,100000000.0074729,78581393.69808455,1.2725658747117696,18.179645507978087,0.16868679999970482,540,30,False,,,-1,,,,replicate=5
RandomSpectrum12,SA,12,completed,20269813,100000000.0074729,31212256.180381738,3.2038696411292196,17.25632140193795,0.9306007000004684,3361,70,False,,,-1,,,,replicate=6; ['Maximum number of iteration reached']
RandomSpectrum12,GA,12,completed,20270313,100000000.0074729,94855221.69247912,1.0542382192903745,18.36786230493836,0.1649822999997923,540,30,False,,,-1,,,,replicate=6
RandomSpectrum12,SA,12,completed,20269814,100000000.0074729,33285981.336743455,3.004267742501127,17.32064688543477,0.9701772999997047,3361,70,False,,,-1,,,,replicate=7; ['Maximum number of iteration reached']
RandomSpectrum12,GA,12,completed,20270314,100000000.0074729,92088586.53822275,1.085910901303349,18.33826156887982,0.18035150000014255,540,30,False,,,-1,,,,replicate=7
RandomSpectrum12,SA,12,completed,20269815,100000000.0074729,31368458.981998544,3.1879156086328635,17.261313455020122,0.9791628000002675,3361,70,False,,,-1,,,,replicate=8; ['Maximum number of iteration reached']
RandomSpectrum12,GA,12,completed,20270315,100000000.0074729,36984262.308020465,2.7038527678240794,17.42600303709802,0.18390660000022763,540,30,False,,,-1,,,,replicate=8
RandomSpectrum12,SA,12,completed,20269816,100000000.0074729,32494315.909067016,3.077461310073911,17.296575736898404,0.9045408000001771,3361,70,False,,,-1,,,,replicate=9; ['Maximum number of iteration reached']
RandomSpectrum12,GA,12,completed,20270316,100000000.0074729,78604747.12365703,1.272187796115646,18.179942651550952,0.20264730000053532,540,30,False,,,-1,,,,replicate=9
RandomSpectrum12,SA,12,completed,20269817,100000000.0074729,31572640.63284714,3.1672992186607343,17.26780150077545,0.9311317000001509,3361,70,False,,,-1,,,,replicate=10; ['Maximum number of iteration reached']
RandomSpectrum12,GA,12,completed,20270317,100000000.0074729,68008789.03051987,1.4703981857785549,18.035147505237084,0.1985820000008971,540,30,False,,,-1,,,,replicate=10
RandomSpectrum12,BO,12,skipped,20269817,100000000.0074729,,,,0.0,0,0,False,,,-1,,,,BO restricted to dimension <= 12; current dimension=24
RandomSPD12,Unscaled,12,baseline,20260808,1000000.0000013191,1000000.0000013191,1.0,13.815510557965593,0.0,1,0,False,,,-1,,,,Original matrix
RandomSPD12,Ruiz,12,completed,20260808,1000000.0000013191,503906.79434295214,1.9844939802909913,13.13014659809228,0.005332900000212248,0,60,False,,,-1,,,,Ruiz iterations=60
RandomSPD12,L-BFGS,12,completed,20260808,1000000.0000013191,354125.34174892737,2.8238589056140264,12.777406202184036,0.2602062999994814,1125,22,False,,,-1,,,,CONVERGENCE: RELATIVE REDUCTION OF F <= FACTR*EPSMCH
RandomSPD12,Ruiz-LBFGS,12,completed,20260808,1000000.0000013191,354123.3035087949,2.823875158999479,12.777400446464922,0.22239559999979974,925,23,False,,,-1,,,,Ruiz iterations=60; CONVERGENCE: RELATIVE REDUCTION OF F <= FACTR*EPSMCH
RandomSPD12,SA,12,completed,20270808,1000000.0000013191,528418.3028621787,1.89244012666635,13.177643489301005,0.8957663999999568,3361,70,False,,,-1,,,,replicate=1; ['Maximum number of iteration reached']
RandomSPD12,GA,12,completed,20271308,1000000.0000013191,727462.0216711414,1.374642208405736,13.49731707277665,0.17061009999997623,540,30,False,,,-1,,,,replicate=1
RandomSPD12,SA,12,completed,20270809,1000000.0000013191,472650.81138019427,2.1157268239553106,13.066112152513846,0.9022170999996888,3361,70,False,,,-1,,,,replicate=2; ['Maximum number of iteration reached']
RandomSPD12,GA,12,completed,20271309,1000000.0000013191,1095368.768265545,0.9129345558982507,13.906601639208608,0.1936955000001035,540,30,False,,,-1,,,,replicate=2
RandomSPD12,SA,12,completed,20270810,1000000.0000013191,576924.0804743649,1.7333303182267725,13.265465960532389,0.8964108000000124,3361,70,False,,,-1,,,,replicate=3; ['Maximum number of iteration reached']
RandomSPD12,GA,12,completed,20271310,1000000.0000013191,875622.2776630258,1.142044949644553,13.68269008704705,0.16308620000017982,540,30,False,,,-1,,,,replicate=3
RandomSPD12,SA,12,completed,20270811,1000000.0000013191,456850.31354117184,2.188900763250101,13.032111074737513,0.9183623999997508,3361,70,False,,,-1,,,,replicate=4; ['Maximum number of iteration reached']
RandomSPD12,GA,12,completed,20271311,1000000.0000013191,975131.9917585663,1.0255021970901657,13.79032811698009,0.18950150000000576,540,30,False,,,-1,,,,replicate=4
RandomSPD12,SA,12,completed,20270812,1000000.0000013191,445187.0428952623,2.2462468662561363,13.006249793951152,0.9067239000005429,3361,70,False,,,-1,,,,replicate=5; ['Maximum number of iteration reached']
RandomSPD12,GA,12,completed,20271312,1000000.0000013191,1680988.5437036683,0.5948880518828826,14.33489259720017,0.198264200000267,540,30,False,,,-1,,,,replicate=5
RandomSPD12,SA,12,completed,20270813,1000000.0000013191,521001.02403841686,1.9193820239546833,13.163507286258366,0.9049753999997847,3361,70,False,,,-1,,,,replicate=6; ['Maximum number of iteration reached']
RandomSPD12,GA,12,completed,20271313,1000000.0000013191,665200.70237644,1.503305688687344,13.407844082187966,0.17057409999961237,540,30,False,,,-1,,,,replicate=6
RandomSPD12,SA,12,completed,20270814,1000000.0000013191,469289.7344152233,2.1308797671600637,13.058975627294858,0.8954415999996854,3361,70,False,,,-1,,,,replicate=7; ['Maximum number of iteration reached']
RandomSPD12,GA,12,completed,20271314,1000000.0000013191,838501.0069359032,1.1926044115982335,13.639371061122322,0.18161739999959536,540,30,False,,,-1,,,,replicate=7
RandomSPD12,SA,12,completed,20270815,1000000.0000013191,528337.0340490589,1.8927312218443952,13.177489681110137,0.8993281000002753,3361,70,False,,,-1,,,,replicate=8; ['Maximum number of iteration reached']
RandomSPD12,GA,12,completed,20271315,1000000.0000013191,1431666.8841175009,0.6984865062501833,14.174349976618869,0.16405740000027436,540,30,False,,,-1,,,,replicate=8
RandomSPD12,SA,12,completed,20270816,1000000.0000013191,529792.6185043138,1.8875310169939197,13.180240923115107,0.9114280999992843,3361,70,False,,,-1,,,,replicate=9; ['Maximum number of iteration reached']
RandomSPD12,GA,12,completed,20271316,1000000.0000013191,848216.6896335903,1.1789440271840155,13.650891412360043,0.16582170000037877,540,30,False,,,-1,,,,replicate=9
RandomSPD12,SA,12,completed,20270817,1000000.0000013191,589131.4759255094,1.6974139744109693,13.286404656612905,0.8971913000004861,3361,70,False,,,-1,,,,replicate=10; ['Maximum number of iteration reached']
RandomSPD12,GA,12,completed,20271317,1000000.0000013191,1052411.114696892,0.950199010668309,13.866594389378035,0.16567029999987426,540,30,False,,,-1,,,,replicate=10
RandomSPD12,BO,12,skipped,20269818,1000000.0000013191,,,,0.0,0,0,False,,,-1,,,,BO restricted to dimension <= 12; current dimension=24
