solver,system,status,iterations,time_sec,residual,preconditioner,preconditioner_build_sec,matrix,family,scaling_method
CG,Unscaled,converged,3,0.0008457999997517,1.8707724670077107e-14,,0.0,A1_3x3,original,Unscaled
GMRES,Unscaled,converged,1,0.0021701000000575,0.0,ILU,0.0058577999998306,A1_3x3,original,Unscaled
CG,Unscaled,converged,1,0.0095423000002483,1.2625990704234373e-15,AMG,0.00020590000031,A1_3x3,original,Unscaled
CG,Unscaled,converged,1,0.0002207999996244,0.0,ICHOL_IC0,0.0001283999999941,A1_3x3,original,Unscaled
GMRES,Ruiz-LBFGS,converged,3,0.0007722999998804,2.8640832877442723e-16,,0.0,A1_3x3,original,Ruiz-LBFGS
GMRES,Ruiz-LBFGS,converged,1,0.0003513999999995,1.1692571059677194e-16,ILU,0.0001208999997288,A1_3x3,original,Ruiz-LBFGS
GMRES,Ruiz-LBFGS,converged,1,0.0007855999997445,7.951808021974644e-16,AMG,0.0001936999997269,A1_3x3,original,Ruiz-LBFGS
GMRES,Unscaled,converged,4,0.0009194999997816,1.7465823119432252e-14,,0.0,A2_4x4,original,Unscaled
GMRES,Unscaled,converged,1,0.0003263999997216,5.9787339602818175e-16,ILU,0.0001219000000673,A2_4x4,original,Unscaled
GMRES,Unscaled,converged,1,0.0007729000003564,6.101430607081221e-15,AMG,0.0001735999999255,A2_4x4,original,Unscaled
GMRES,Ruiz-LBFGS,converged,4,0.0007756999998491,5.82809136799896e-16,,0.0,A2_4x4,original,Ruiz-LBFGS
GMRES,Ruiz-LBFGS,converged,1,0.0002975000002152,4.956219970937533e-16,ILU,8.529999968232005e-05,A2_4x4,original,Ruiz-LBFGS
GMRES,Ruiz-LBFGS,converged,1,0.000698100000136,2.3274522745668416e-15,AMG,0.0001302999999097,A2_4x4,original,Ruiz-LBFGS
CG,Unscaled,converged,21,0.0013340000004973,2.982512997176452e-09,,0.0,Cauchy8,dense_structured,Unscaled
GMRES,Unscaled,converged,2,0.0005292999994708,1.6141929653985104e-11,ILU,0.0001774000002114,Cauchy8,dense_structured,Unscaled
CG,Unscaled,converged,2,0.0006364999999277,1.1454759913076484e-11,AMG,0.000229200000831,Cauchy8,dense_structured,Unscaled
CG,Unscaled,converged,2,0.0003440000000409,9.363821064641342e-12,ICHOL_IC0,0.0002889000006689,Cauchy8,dense_structured,Unscaled
GMRES,Ruiz-LBFGS,converged,8,0.0020481999999901,1.0214728307494208e-11,,0.0,Cauchy8,dense_structured,Ruiz-LBFGS
GMRES,Ruiz-LBFGS,converged,2,0.0005098999999972,1.661037016977167e-11,ILU,0.000176200000169,Cauchy8,dense_structured,Ruiz-LBFGS
GMRES,Ruiz-LBFGS,converged,4,0.0016214999996009,6.038704966588008e-12,AMG,0.0001824999999371,Cauchy8,dense_structured,Ruiz-LBFGS
CG,SparseOriginal,converged,25,0.0016349999996236,1.2870928097709677e-15,,0.0,FiniteDiff50,sparse_spd,Unscaled
GMRES,SparseOriginal,converged,1,0.0003883999997924,1.0112175573993642e-15,ILU,0.0001809000004868,FiniteDiff50,sparse_spd,Unscaled
CG,SparseOriginal,converged,5,0.0038112000002001,3.345307002320355e-10,AMG,0.0119635999999445,FiniteDiff50,sparse_spd,Unscaled
CG,SparseOriginal,converged,1,0.0003462999993644,1.1343850103213525e-15,ICHOL_IC0,0.0009435000001758,FiniteDiff50,sparse_spd,Unscaled
CG,Unscaled,converged,62,0.0034235000002809,1.39665602640725e-09,,0.0,Hilbert10,dense_structured,Unscaled
GMRES,Unscaled,converged,2,0.0005226999992373,9.6279368592208e-11,ILU,0.0001572999999552,Hilbert10,dense_structured,Unscaled
CG,Unscaled,converged,2,0.0006252000002859,1.5662755739285683e-10,AMG,0.0001784999994924,Hilbert10,dense_structured,Unscaled
CG,Unscaled,converged,2,0.0002936999999292,6.376329780383572e-11,ICHOL_IC0,0.0003219999998691,Hilbert10,dense_structured,Unscaled
GMRES,Ruiz-LBFGS,converged,10,0.0027160999998159,1.3243762949664279e-10,,0.0,Hilbert10,dense_structured,Ruiz-LBFGS
GMRES,Ruiz-LBFGS,converged,2,0.0005037999999331,5.834804998651744e-11,ILU,0.0001213000005009,Hilbert10,dense_structured,Ruiz-LBFGS
GMRES,Ruiz-LBFGS,converged,4,0.0016169000000445,4.3271887161960486e-09,AMG,0.000168599999597,Hilbert10,dense_structured,Ruiz-LBFGS
GMRES,Unscaled,converged,13,0.0041604999996707,1.8244178988188251e-09,,0.0,Hilbert15,dense_structured,Unscaled
GMRES,Unscaled,not_converged_info_1000,32,0.0097599999999147,2.3108010319373947e-07,ILU,0.0067342000002099,Hilbert15,dense_structured,Unscaled
GMRES,Unscaled,converged,15,0.0123474000001806,4.719058446645078e-09,AMG,0.0194631999993362,Hilbert15,dense_structured,Unscaled
GMRES,Ruiz-LBFGS,converged,13,0.0039051999992807,2.5413773682833354e-09,,0.0,Hilbert15,dense_structured,Ruiz-LBFGS
GMRES,Ruiz-LBFGS,not_converged_info_1000,45,0.0137053999997078,8.916752778890852e-06,ILU,0.0001399000002493,Hilbert15,dense_structured,Ruiz-LBFGS
GMRES,Ruiz-LBFGS,converged,14,0.009378600000673,6.592023127469228e-09,AMG,0.0039156000002549,Hilbert15,dense_structured,Ruiz-LBFGS
CG,Unscaled,converged,26,0.0015446999996129,6.479201825101177e-10,,0.0,RandomSPD12,random_spd,Unscaled
GMRES,Unscaled,converged,2,0.0005305000004227,1.1181417406032991e-11,ILU,0.0001467000001866,RandomSPD12,random_spd,Unscaled
CG,Unscaled,converged,17,0.006026699999893,3.7484202079549435e-10,AMG,0.0038557000007131,RandomSPD12,random_spd,Unscaled
CG,Unscaled,converged,1,0.0002002999999604,9.359506695009427e-12,ICHOL_IC0,0.0005456999997477,RandomSPD12,random_spd,Unscaled
GMRES,Ruiz-LBFGS,converged,12,0.0034654000000955,8.81286921938291e-12,,0.0,RandomSPD12,random_spd,Ruiz-LBFGS
GMRES,Ruiz-LBFGS,converged,2,0.0005150999995748,5.045466876549114e-12,ILU,0.0001259000000572,RandomSPD12,random_spd,Ruiz-LBFGS
GMRES,Ruiz-LBFGS,converged,22,0.0134565999996993,5.91969672511095e-12,AMG,0.0038432999999713,RandomSPD12,random_spd,Ruiz-LBFGS
GMRES,Unscaled,converged,12,0.0035137000004397,7.023725514744784e-10,,0.0,RandomSpectrum12,random_dense,Unscaled
GMRES,Unscaled,converged,5,0.0011240999992878,2.4672240585505496e-10,ILU,0.0001909000002342,RandomSpectrum12,random_dense,Unscaled
GMRES,Unscaled,not_converged_info_1000,21,0.0126167000007626,0.0004844946911169,AMG,0.004052700000102,RandomSpectrum12,random_dense,Unscaled
GMRES,Ruiz-LBFGS,converged,12,0.0034888000000137,5.271003487395417e-10,,0.0,RandomSpectrum12,random_dense,Ruiz-LBFGS
GMRES,Ruiz-LBFGS,converged,2,0.0005177000002731,4.901254620673186e-10,ILU,0.0001457999997001,RandomSpectrum12,random_dense,Ruiz-LBFGS
GMRES,Ruiz-LBFGS,not_converged_info_1000,45,0.0267788000001019,2.398778745024356e-08,AMG,0.0042474000001675,RandomSpectrum12,random_dense,Ruiz-LBFGS
GMRES,Unscaled,not_converged_info_1000,20,0.0037089999996169,0.5112147653939486,,0.0,Rump4,dense_structured,Unscaled
GMRES,Unscaled,failed: Factor is exactly singular,-1,,,ILU,0.000142699999742,Rump4,dense_structured,Unscaled
GMRES,Unscaled,not_converged_info_1000,436,0.1224306000003707,0.2236067977499789,AMG,0.0001879000001281,Rump4,dense_structured,Unscaled
GMRES,Ruiz-LBFGS,not_converged_info_1000,4,0.0008509999997841,0.4640163202518855,,0.0,Rump4,dense_structured,Ruiz-LBFGS
GMRES,Ruiz-LBFGS,failed: Factor is exactly singular,-1,,,ILU,0.000133999999889,Rump4,dense_structured,Ruiz-LBFGS
GMRES,Ruiz-LBFGS,not_converged_info_1000,152,0.04276260000006,0.2963188823847475,AMG,0.000179399999979,Rump4,dense_structured,Ruiz-LBFGS
GMRES,SparseOriginal,converged,15,0.0049790000002758,6.707060104238362e-09,,0.0,SparseNonsym100,sparse_nonsym,Unscaled
GMRES,SparseOriginal,converged,2,0.0005420999996204,1.2591657180697119e-09,ILU,0.0002595000005385,SparseNonsym100,sparse_nonsym,Unscaled
GMRES,SparseOriginal,converged,3,0.0035690000004251,5.263715307997833e-10,AMG,0.0445244000002276,SparseNonsym100,sparse_nonsym,Unscaled
GMRES,Unscaled,converged,9,0.0023799999999027,7.918804500285821e-11,,0.0,Vandermonde10,dense_structured,Unscaled
GMRES,Unscaled,converged,1,0.0003370999993421,0.0,ILU,0.0001369999999951,Vandermonde10,dense_structured,Unscaled
GMRES,Unscaled,converged,1,0.0008189999998649,1.3754817035379764e-09,AMG,0.0001832999996622,Vandermonde10,dense_structured,Unscaled
GMRES,Ruiz-LBFGS,converged,9,0.0022877000001244,1.502524522392096e-10,,0.0,Vandermonde10,dense_structured,Ruiz-LBFGS
GMRES,Ruiz-LBFGS,converged,1,0.0003414000002521,1.0541087498645484e-13,ILU,0.0001043000002027,Vandermonde10,dense_structured,Ruiz-LBFGS
GMRES,Ruiz-LBFGS,converged,1,0.000770999999986,9.112258975950632e-12,AMG,0.0001462999998693,Vandermonde10,dense_structured,Ruiz-LBFGS
CG,SparseOriginal,converged,25,0.0016349999996236,1.2870928097709677e-15,,0.0,FiniteDiff50,sparse_spd,Unscaled
GMRES,SparseOriginal,converged,1,0.0003883999997924,1.0112175573993642e-15,ILU,0.0001809000004868,FiniteDiff50,sparse_spd,Unscaled
CG,SparseOriginal,converged,5,0.0038112000002001,3.345307002320355e-10,AMG,0.0119635999999445,FiniteDiff50,sparse_spd,Unscaled
CG,SparseOriginal,converged,1,0.0003462999993644,1.1343850103213525e-15,ICHOL_IC0,0.0009435000001758,FiniteDiff50,sparse_spd,Unscaled
GMRES,SparseOriginal,converged,15,0.0049790000002758,6.707060104238362e-09,,0.0,SparseNonsym100,sparse_nonsym,Unscaled
GMRES,SparseOriginal,converged,2,0.0005420999996204,1.2591657180697119e-09,ILU,0.0002595000005385,SparseNonsym100,sparse_nonsym,Unscaled
GMRES,SparseOriginal,converged,3,0.0035690000004251,5.263715307997833e-10,AMG,0.0445244000002276,SparseNonsym100,sparse_nonsym,Unscaled
